<pnp:Provisioning xmlns:pnp="http://schemas.dev.office.com/PnP/2015/12/ProvisioningSchema">
  <pnp:Preferences Generator="OfficeDevPnP.Core, Version=2.1.1602.0, Culture=neutral, PublicKeyToken=null">
    <pnp:Parameters>
      <pnp:Parameter Key="InfrastructureSiteUrl" Required="true" />
    </pnp:Parameters>
  </pnp:Preferences>
  <pnp:Templates ID="CONTAINER-PNP-RESPONSIVE-UI-OVERRIDES">
    <pnp:ProvisioningTemplate ID="PNP-RESPONSIVE-UI-OVERRIDES" Version="1">

      <pnp:CustomActions>
        <pnp:SiteCustomActions>
          <pnp:CustomAction Name="PnPResponsiveUI" Location="ScriptLink" Sequence="0" Rights="" ScriptBlock="&#xD;&#xA;                var headID = document.getElementsByTagName('head')[0]; &#xD;&#xA;                var&#xD;&#xA;                newScript = document.createElement('script');&#xD;&#xA;                newScript.type = 'text/javascript';&#xD;&#xA;                newScript.src = '{parameter:InfrastructureSiteUrl}/Style%20Library/SP.Responsive.UI/PnP-Responsive-UI.js?rev=bf19e4f64b204e1ebc2f762e33afcc97';&#xD;&#xA;                newScript.id = 'PnPResponsiveUI';&#xD;&#xA;                headID.appendChild(newScript);">
            <pnp:CommandUIExtension />
          </pnp:CustomAction>
        </pnp:SiteCustomActions>
      </pnp:CustomActions>

      <pnp:Features>
        <pnp:WebFeatures>
          <pnp:Feature Deactivate="true" ID="d95c97f3-e528-4da2-ae9f-32b3535fbb59" Description="Mobile Browser View"/>
        </pnp:WebFeatures>
      </pnp:Features>

    </pnp:ProvisioningTemplate>
  </pnp:Templates>
</pnp:Provisioning>